filename,issue,date,pages
178_110-05-31_1.pdf,178,110-05-31,2
179_110-07-09_1.pdf,179,110-07-09,3
180_110-08-24_1.pdf,180,110-08-24,3
181_110-12-08_1.pdf,181,110-12-08,4
182_111-03-09_1.pdf,182,111-03-09,2
183_111-03-16_1.pdf,183,111-03-16,2
184_111-03-23_1.pdf,184,111-03-23,1
185_111-04-13_1.pdf,185,111-04-13,2
186_111-04-20_1.pdf,186,111-04-20,2
187_111-04-27_1.pdf,187,111-04-27,2
188_111-05-06_1.pdf,188,111-05-06,2
189_111-05-13_1.pdf,189,111-05-13,3
190_111-05-20_1.pdf,190,111-05-20,3
191_111-05-27_1.pdf,191,111-05-27,3
192_111-07-27_1.pdf,192,111-07-27,4
193_111-09-19_1.pdf,193,111-09-19,3
194_111-12-21_1.pdf,194,111-12-21,3
195_112-02-21_1.pdf,195,112-02-21,2
196_112-03-02_1.pdf,196,112-03-02,1
197_112-03-07_1.pdf,197,112-03-07,2
198_112-03-09_1.pdf,198,112-03-09,2
199_112-03-14_1.pdf,199,112-03-14,2
200_112-03-16_1.pdf,200,112-03-16,1
201_112-03-21_1.pdf,201,112-03-21,1
202_112-03-23_1.pdf,202,112-03-23,1
203_112-03-28_1.pdf,203,112-03-28,2
204_112-03-30_1.pdf,204,112-03-30,2
205_112-04-11_1.pdf,205,112-04-11,2
206_112-04-13_1.pdf,206,112-04-13,1
207_112-04-18_1.pdf,207,112-04-18,2
208_112-04-20_1.pdf,208,112-04-20,1
209_112-04-25_1.pdf,209,112-04-25,2
210_112-04-27_1.pdf,210,112-04-27,1
211_112-05-02_1.pdf,211,112-05-02,2
212_112-05-04_1.pdf,212,112-05-04,1
213_112-05-09_1.pdf,213,112-05-09,2
214_112-05-11_1.pdf,214,112-05-11,1
215_112-05-16_1.pdf,215,112-05-16,2
216_112-05-18_1.pdf,216,112-05-18,2
217_112-05-23_1.pdf,217,112-05-23,1
218_112-05-25_1.pdf,218,112-05-25,2
219_112-05-30_1.pdf,219,112-05-30,2
220_112-06-01_1.pdf,220,112-06-01,1
221_112-06-06_1.pdf,221,112-06-06,2
222_112-06-08_1.pdf,222,112-06-08,2
225_112-06-27_1_1.pdf,225,112-06-27,2
231_112-12-19_1.pdf,231,112-12-19,2
239_113-03-21_1.pdf,239,113-03-21,2
